"Designator","Comment","Datasheet","Footprint","Qty","DNP"
"C13,C28,C43","22p","~","Capacitor_SMD:C_0603_1608Metric","3",""
"C82","270p","~","Capacitor_SMD:C_0603_1608Metric","1",""
"C79,C80","3.3n","~","Capacitor_SMD:C_0603_1608Metric","2",""
"C7,C22,C37","33n","~","Capacitor_SMD:C_0603_1608Metric","3",""
"C9,C10,C14,C24,C25,C29,C39,C40,C44,C49,C50,C51,C52,C53,C54,C55,C56,C59,C60,C61,C62,C63,C64,C65,C66,C69,C70,C71,C72,C73,C74,C75,C76,C83,C84,C85,C88,C91,C93,C94,C100,C101,C102,C105,C106,C107,C110,C111,C112,C113,C114,C115,C116,C117,C118","100n","~","Capacitor_SMD:C_0603_1608Metric","55",""
"C5,C6,C8,C20,C21,C23,C35,C36,C38,C57,C58,C67,C68,C77,C78,C90","1u","~","Capacitor_SMD:C_0603_1608Metric","16",""
"L6","1.2u","~","Inductor_SMD:L_Vishay_IHLP-5050","1",""
"C4,C19,C34","2.2u","~","Capacitor_SMD:C_1206_3216Metric","3",""
"L2,L3,L4,L5","3.3u","~","Inductor_SMD:L_Vishay_IHLP-5050","4",""
"L1","5.6u","~","Inductor_SMD:L_Vishay_IHLP-5050","1",""
"C11,C12,C15,C16,C17,C18,C26,C27,C30,C31,C32,C33,C41,C42,C45,C46,C47,C48,C103,C104,C108,C109","10u","~","Capacitor_SMD:C_0603_1608Metric,Capacitor_SMD:C_1206_3216Metric","22",""
"C89,C92,C95,C96,C97","22u","~","Capacitor_SMD:C_1206_3216Metric","5",""
"C1,C2,C3,C86,C87,C98,C99","47u","~","Capacitor_SMD:C_1206_3216Metric","7",""
"R75,R91,R107","5m","~","Resistor_SMD:R_1206_3216Metric","3",""
"R128","6m","~","Resistor_SMD:R_1206_3216Metric","1",""
"R26,R45,R64","10m","~","Resistor_SMD:R_1206_3216Metric","3",""
"R12,R31,R50","2","~","Resistor_SMD:R_0603_1608Metric","3",""
"R125","10","~","Resistor_SMD:R_0603_1608Metric","1",""
"R69,R70,R71,R72,R73,R85,R86,R87,R88,R89,R101,R102,R103,R104,R105","36","~","Resistor_SMD:R_0603_1608Metric","15",""
"R74,R76,R90,R92,R106,R108,R122,R123","100","~","Resistor_SMD:R_0603_1608Metric","8",""
"R1,R2,R3,R4,R10,R11,R78,R94,R110","1k","~","Resistor_SMD:R_0603_1608Metric","9",""
"R13,R14,R15,R32,R33,R34,R51,R52,R53,R124","2k","~","Resistor_SMD:R_0603_1608Metric","10",""
"R117","3.4k","~","Resistor_SMD:R_0603_1608Metric","1",""
"R77,R80,R93,R96,R109,R112,R129,R131","10k","~","Resistor_SMD:R_0603_1608Metric","8",""
"R30,R49,R68","13k","~","Resistor_SMD:R_0603_1608Metric","3",""
"R5,R8,R9,R16,R127,R130,R132","20k","~","Resistor_SMD:R_0603_1608Metric","7",""
"R23,R42,R61","26.1k","~","Resistor_SMD:R_0603_1608Metric","3",""
"R28,R47,R66","33k","~","Resistor_SMD:R_0603_1608Metric","3",""
"R25,R44,R63","44.2k","~","Resistor_SMD:R_0603_1608Metric","3",""
"R24,R43,R62","57.6k","~","Resistor_SMD:R_0603_1608Metric","3",""
"R7","75k","~","Resistor_SMD:R_0603_1608Metric","1",""
"R22,R41,R60","76.8k","~","Resistor_SMD:R_0603_1608Metric","3",""
"R29,R48,R67","90.9k","~","Resistor_SMD:R_0603_1608Metric","3",""
"R120,R121","93.1k","~","Resistor_SMD:R_0603_1608Metric","2",""
"R17,R18,R21,R36,R37,R40,R55,R56,R59","100k","~","Resistor_SMD:R_0603_1608Metric","9",""
"R6","115k","~","Resistor_SMD:R_0603_1608Metric","1",""
"R27,R46,R65","120k","~","Resistor_SMD:R_0603_1608Metric","3",""
"R126","280k","~","Resistor_SMD:R_0603_1608Metric","1",""
"R19,R38,R57","500k","~","Resistor_SMD:R_0603_1608Metric","3",""
"R20,R39,R58","698k","~","Resistor_SMD:R_0603_1608Metric","3",""
"R79,R95,R111","750k","~","Resistor_SMD:R_0603_1608Metric","3",""
"R81,R82,R83,R84,R97,R98,R99,R100,R113,R114,R115,R116","1M","~","Resistor_SMD:R_0603_1608Metric","12",""
"TH1,TH2,TH3","103AT-11","~","Connector_JST:JST_XH_B2B-XH-AM_1x02_P2.50mm_Vertical","3",""
"D5,D6,D7","1N4148W","~","Diode_SMD:D_SOD-123","3",""
"F1,F2,F3,F4","3544-2","3544-2","powerdist:CONN_3544-2_KEY","4",""
"U8,U12,U13,U14,U15","ACS724LLCTR-10AU","http://www.allegromicro.com/~/media/Files/Datasheets/ACS724-Datasheet.ashx?la=en","Package_SO:SOIC-8_3.9x4.9mm_P1.27mm","5",""
"U9,U16","ADS1119IPWR","ADS1119IPWR","powerdist:ADS1119","2",""
"D15,D19,D23","BAT54CL","~","Package_TO_SOT_SMD:SOT-23-3","3",""
"U1,U2,U3","BQ24610","https://www.ti.com/lit/ds/symlink/bq24610.pdf","Package_DFN_QFN:VQFN-24-1EP_4x4mm_P0.5mm_EP2.45x2.45mm_ThermalVias","3",""
"U4,U5,U6","BQ7791508PWR","https://www.ti.com/lit/gpn/bq77915","powerdist:TSSOP24_4P4X7P8_THT_TEX","3",""
"D1,D2,D3,D4","BZT52","~","Diode_SMD:D_SOD-123","4",""
"BATT1,BATT2,BATT3,J1,J2,J5,J6,J7,J8,J15","Conn_01x02_Socket","~","Connector:Banana_Jack_2Pin,Connector_JST:JST_XH_B2B-XH-AM_1x02_P2.50mm_Vertical,TerminalBlock:TerminalBlock_bornier-2_P5.08mm","10",""
"BATT3S1,BATT3S2,BATT3S3,J10,J11,J12,J13","Conn_01x03_Pin","~","Connector_JST:JST_XH_B4B-XH-AM_1x04_P2.50mm_Vertical,Connector_PinHeader_2.54mm:PinHeader_1x03_P2.54mm_Vertical","7",""
"BATT4S1,BATT4S2,BATT4S3,J4,J9,J14","Conn_01x04_Pin","~","Connector_JST:JST_XH_B5B-XH-AM_1x05_P2.50mm_Vertical,Connector_PinHeader_2.54mm:PinHeader_1x04_P2.54mm_Vertical","6",""
"J3","Conn_01x04_Socket","~","Connector_PinHeader_2.54mm:PinHeader_1x04_P2.54mm_Vertical","1",""
"Q27,Q28,Q29,Q30","CSD18514Q5A","http://www.ti.com/lit/gpn/csd18504q5a","Package_TO_SOT_SMD:TDSON-8-1","4",""
"Q5,Q6,Q7,Q8,Q31","DMN2056U","http://www.diodes.com/assets/Datasheets/DMN2056U.pdf","Package_TO_SOT_SMD:SOT-23","5",""
"SW2,SW4,SW6,SW7,SW8,SW9","JS202011CQN","~","Button_Switch_THT:SW_CK_JS202011CQN_DPDT_Straight","6",""
"Q15,Q17,Q19,Q21,Q23,Q25","L2N7002SLLT1G","https://www.onsemi.com/pub/Collateral/NDS7002A-D.PDF","Package_TO_SOT_SMD:SOT-23","6",""
"U7","LM5176PWP","http://www.ti.com/lit/ds/symlink/lm5176.pdf","Package_SO:HTSSOP-28-1EP_4.4x9.7mm_P0.65mm_EP3.4x9.5mm_ThermalVias","1",""
"D14,D18,D22","LTST-C190GKT","~","LED_SMD:LED_0603_1608Metric","3",""
"D12,D16,D20","LTST-C190KRKT","~","LED_SMD:LED_0603_1608Metric","3",""
"D13,D17,D21","LTST-C190KSKT","~","LED_SMD:LED_0603_1608Metric","3",""
"D24,D25,D26","MBR15U60","~","Package_TO_SOT_SMD:TO-277A","3",""
"SW1,SW3,SW5","OS102011M","~","Button_Switch_THT:SW_Slide_SPDT_Straight_CK_OS102011MS2Q","3",""
"Q1,Q2,Q3,Q4","SI4178DY","https://www.vishay.com/docs/73152/si7336adp.pdf","Package_SO:PowerPAK_SO-8_Single","4",""
"Q9,Q10,Q11,Q12,Q13,Q14,Q16,Q18,Q20,Q22,Q24,Q26","SIS412DN","https://www.vishay.com/docs/66707/sis454dn.pdf","Package_SO:Vishay_PowerPAK_1212-8_Single","12",""
"U10,U11","TPS56637RPAR","https://www.ti.com/lit/gpn/tps56637","powerdist:CONV_TPS56637RPAR","2",""
"D8,D9,D10,D11,D27,D28,D29","XBS053V13R","~","Diode_SMD:D_SOD-323_HandSoldering","7",""
